Designator,Footprint,Quantity,Value,LCSC Part #
"C61, C62, C64, C65, C66, C67",C_Disc_D4.7mm_W2.5mm_P5.00mm,6,100nF,
C63,CP_Radial_D6.3mm_P2.50mm,1,10uF,
J11,PinHeader_1x14_P2.54mm_Vertical,1,DAT_MCU,
J12,PinHeader_1x01_P2.54mm_Vertical,1,DAT0,
J13,PinHeader_1x08_P2.54mm_Vertical,1,DAT_DSP_1..8,
J14,PinHeader_1x02_P2.54mm_Vertical,1,+ -,
J15,PinHeader_1x06_P2.54mm_Vertical,1,DAT_DSP_9..14,
"Q17, Q18, Q19, Q20",TO-92_Inline_Wide,4,2N3904,
R100,R_Axial_DIN0207_L6.3mm_D2.5mm_P2.54mm_Vertical,1,220k,
"R90, R91, R92, R94, R97, R98, R99",R_Axial_DIN0207_L6.3mm_D2.5mm_P2.54mm_Vertical,7,10k,
"R93, R95, R96",R_Axial_DIN0207_L6.3mm_D2.5mm_P2.54mm_Vertical,3,1k,
"U10, U11, U12, U13, U14, U15",DIP-20_W7.62mm,6,74LS241,
U9,DIP-30_1000_ELL,1,DOIT_ESP32_DevKit_v1,
