Designator,Footprint,Quantity,Value,LCSC Part #
"C61, C62, C64, C65, C66, C67",C_Disc_D4.7mm_W2.5mm_P5.00mm,6,100nF,
C68,CP_Radial_D8.0mm_P5.00mm,1,4.7uF,
C69,C_Disc_D5.0mm_W2.5mm_P5.00mm,1,1uF,
J11,PinHeader_1x14_P2.54mm_Vertical,1,DAT_MCU,
J12,PinHeader_1x01_P2.54mm_Vertical,1,DAT0,
J13,PinHeader_1x08_P2.54mm_Vertical,1,DAT_DSP_1..8,
J14,PinHeader_1x02_P2.54mm_Vertical,1,+ -,
J15,PinHeader_1x06_P2.54mm_Vertical,1,DAT_DSP_9..14,
Q20,TO-92_Inline_Wide,1,2N3904,
R100,R_Axial_DIN0207_L6.3mm_D2.5mm_P2.54mm_Vertical,1,220k,
"R90, R91, R92, R99",R_Axial_DIN0207_L6.3mm_D2.5mm_P2.54mm_Vertical,4,10k,
"U10, U11, U12, U13, U14, U15",DIP-20_W7.62mm,6,74LS244,
U16,TO-220-3_Vertical,1,MCP1826S-3302E/AB,
U9,DIP-30_1000_ELL,1,BAEASU_ESP32_DevKit_v1,
