Designator,Footprint,Quantity,Value,LCSC Part #
"C61, C62",C_Disc_D4.7mm_W2.5mm_P5.00mm,2,100nF,
J11,PinHeader_1x14_P2.54mm_Vertical,1,DAT_MCU,
J12,PinHeader_1x01_P2.54mm_Vertical,1,DAT0,
J13,PinHeader_1x14_P2.54mm_Vertical,1,DAT_DSP,
J14,PinHeader_1x02_P2.54mm_Vertical,1,+ -,
Q17,TO-92_Inline_Wide,1,2N3904,
"R90, R91, R92, R94",R_Axial_DIN0207_L6.3mm_D2.5mm_P10.16mm_Horizontal,4,10k,
R93,R_Axial_DIN0207_L6.3mm_D2.5mm_P10.16mm_Horizontal,1,1k,
"U10, U11, U12",DIP-20_500_ELL,3,TXS0108EPW_MODULE,
"U13, U14",DIP-20_W7.62mm,2,74LS241,
U9,DIP-30_1000_ELL,1,DOIT_ESP32_DevKit_v1,
